Name,Link
"P., Meyer",https://web.archive.org/web/20121007173034/http://www.nga.gov/cgi-bin/tsearch?artistid=30966
"Pach, Walter",https://web.archive.org/web/20121007173034/http://www.nga.gov/cgi-bin/tsearch?artistid=25887
"Pachl, Delmar",https://web.archive.org/web/20121007173034/http://www.nga.gov/cgi-bin/tsearch?artistid=33860
Pacino di Bonaguida,https://web.archive.org/web/20121007173034/http://www.nga.gov/cgi-bin/tsearch?artistid=4675
"Packard, Emmy Lou",https://web.archive.org/web/20121007173034/http://www.nga.gov/cgi-bin/tsearch?artistid=34257
"Pacovská, Kvetá",https://web.archive.org/web/20121007173034/http://www.nga.gov/cgi-bin/tsearch?artistid=24811
"Padgett, Ron",https://web.archive.org/web/20121007173034/http://www.nga.gov/cgi-bin/tsearch?artistid=17588
Paduan 14th Century,https://web.archive.org/web/20121007173034/http://www.nga.gov/cgi-bin/tsearch?artistid=30624
Paduan 15th Century,https://web.archive.org/web/20121007173034/http://www.nga.gov/cgi-bin/tsearch?artistid=8301
Paduan 16th Century,https://web.archive.org/web/20121007173034/http://www.nga.gov/cgi-bin/tsearch?artistid=8318
"Paemel, Jules van",https://web.archive.org/web/20121007173034/http://www.nga.gov/cgi-bin/tsearch?artistid=34893
"Paeschke, Paul",https://web.archive.org/web/20121007173034/http://www.nga.gov/cgi-bin/tsearch?artistid=26450
"Pagani, Matteo",https://web.archive.org/web/20121007173034/http://www.nga.gov/cgi-bin/tsearch?artistid=2103
"Pagano, Matteo",https://web.archive.org/web/20121007173034/http://www.nga.gov/cgi-bin/tsearch?artistid=2103
"Pagano, Matteo, called Matteo della Fede",https://web.archive.org/web/20121007173034/http://www.nga.gov/cgi-bin/tsearch?artistid=2103
"Page, George",https://web.archive.org/web/20121007173034/http://www.nga.gov/cgi-bin/tsearch?artistid=15430
"Page, Marian",https://web.archive.org/web/20121007173034/http://www.nga.gov/cgi-bin/tsearch?artistid=7921
"Paggi, Giovanni Battista",https://web.archive.org/web/20121007173034/http://www.nga.gov/cgi-bin/tsearch?artistid=28426
"Paik, Nam June",https://web.archive.org/web/20121007173034/http://www.nga.gov/cgi-bin/tsearch?artistid=5145
"Pain, James",https://web.archive.org/web/20121007173034/http://www.nga.gov/cgi-bin/tsearch?artistid=22267
"Pain, William",https://web.archive.org/web/20121007173034/http://www.nga.gov/cgi-bin/tsearch?artistid=11619
"Paine, James",https://web.archive.org/web/20121007173034/http://www.nga.gov/cgi-bin/tsearch?artistid=11618
"Paine, Jean",https://web.archive.org/web/20121007173034/http://www.nga.gov/cgi-bin/tsearch?artistid=5198
"Paine, Roxy",https://web.archive.org/web/20121007173034/http://www.nga.gov/cgi-bin/tsearch?artistid=34629
Painter of the Three Graces,https://web.archive.org/web/20121007173034/http://www.nga.gov/cgi-bin/tsearch?artistid=9910
"Pajou, Augustin",https://web.archive.org/web/20121007173034/http://www.nga.gov/cgi-bin/tsearch?artistid=2218
"Pakhamov, Aleksei Fedorovich",https://web.archive.org/web/20121007173034/http://www.nga.gov/cgi-bin/tsearch?artistid=5146
"Paladino, Giovanni",https://web.archive.org/web/20121007173034/http://www.nga.gov/cgi-bin/tsearch?artistid=2219
"Paladino, Girolamo",https://web.archive.org/web/20121007173034/http://www.nga.gov/cgi-bin/tsearch?artistid=2219
"Paladino, Mimmo",https://web.archive.org/web/20121010211550/http://www.nga.gov/cgi-bin/tsearch?artistid=6739
"Palagi, Pelagio",https://web.archive.org/web/20121010211550/http://www.nga.gov/cgi-bin/tsearch?artistid=10502
"Palatino, Giovanni Battista",https://web.archive.org/web/20121010211550/http://www.nga.gov/cgi-bin/tsearch?artistid=35223
"Palazzi, Giuseppe",https://web.archive.org/web/20121010211550/http://www.nga.gov/cgi-bin/tsearch?artistid=14438
Palcko,https://web.archive.org/web/20121010211550/http://www.nga.gov/cgi-bin/tsearch?artistid=23703
"Palecková, Veronika",https://web.archive.org/web/20121010211550/http://www.nga.gov/cgi-bin/tsearch?artistid=24939
"Palézieux, Gérard de",https://web.archive.org/web/20121010211550/http://www.nga.gov/cgi-bin/tsearch?artistid=5147
"Palko, Franz Karl",https://web.archive.org/web/20121010211550/http://www.nga.gov/cgi-bin/tsearch?artistid=23703
"Palladio, Andrea",https://web.archive.org/web/20121010211550/http://www.nga.gov/cgi-bin/tsearch?artistid=11478
"Palm, Gustaf Wilhelm",https://web.archive.org/web/20121010211550/http://www.nga.gov/cgi-bin/tsearch?artistid=5618
Palma Giovane,https://web.archive.org/web/20121010211550/http://www.nga.gov/cgi-bin/tsearch?artistid=2671
"Palma il Giovane, Jacopo",https://web.archive.org/web/20121010211550/http://www.nga.gov/cgi-bin/tsearch?artistid=2671
"Palmer, Alfred",https://web.archive.org/web/20121010211550/http://www.nga.gov/cgi-bin/tsearch?artistid=6597
"Palmer, Arthur",https://web.archive.org/web/20121010211550/http://www.nga.gov/cgi-bin/tsearch?artistid=16366
"Palmer, Fanny",https://web.archive.org/web/20121010211550/http://www.nga.gov/cgi-bin/tsearch?artistid=6477
"Palmer, Frances Flora Bond",https://web.archive.org/web/20121010211550/http://www.nga.gov/cgi-bin/tsearch?artistid=6477
"Palmer, Herman",https://web.archive.org/web/20121010211550/http://www.nga.gov/cgi-bin/tsearch?artistid=5750
"Palmer, Jane",https://web.archive.org/web/20121010211550/http://www.nga.gov/cgi-bin/tsearch?artistid=1765
"Palmer, Samuel",https://web.archive.org/web/20121010211550/http://www.nga.gov/cgi-bin/tsearch?artistid=5148
"Palmer, William Charles",https://web.archive.org/web/20121010211550/http://www.nga.gov/cgi-bin/tsearch?artistid=35143
"Palmieri, Pietro Giacomo",https://web.archive.org/web/20121010211550/http://www.nga.gov/cgi-bin/tsearch?artistid=5945
"Palombo, Asconio",https://web.archive.org/web/20121010211550/http://www.nga.gov/cgi-bin/tsearch?artistid=21363
"Palumba, Giovanni Battista",https://web.archive.org/web/20121010211550/http://www.nga.gov/cgi-bin/tsearch?artistid=5150
Pan,https://web.archive.org/web/20121010211550/http://www.nga.gov/cgi-bin/tsearch?artistid=1501
"Panasiewicz, Adam Maria",https://web.archive.org/web/20121010211550/http://www.nga.gov/cgi-bin/tsearch?artistid=23953
"Panderen, Egbert van",https://web.archive.org/web/20121010211550/http://www.nga.gov/cgi-bin/tsearch?artistid=6392
"Panek, Jerzy",https://web.archive.org/web/20121010211550/http://www.nga.gov/cgi-bin/tsearch?artistid=23978
"Panesis, Nicholas",https://web.archive.org/web/20121010211550/http://www.nga.gov/cgi-bin/tsearch?artistid=33861
"Panini, Gian Paolo",https://web.archive.org/web/20121010211550/http://www.nga.gov/cgi-bin/tsearch?artistid=1766
"Panini, Giovanni Paolo",https://web.archive.org/web/20121010211615/http://www.nga.gov/cgi-bin/tsearch?artistid=1766
"Panneels, Willem",https://web.archive.org/web/20121010211615/http://www.nga.gov/cgi-bin/tsearch?artistid=5151
"Pannemaker I, Pieter",https://web.archive.org/web/20121010211615/http://www.nga.gov/cgi-bin/tsearch?artistid=5502
"Pannini, Giovanni Paolo",https://web.archive.org/web/20121010211615/http://www.nga.gov/cgi-bin/tsearch?artistid=1766
"Panosh, David",https://web.archive.org/web/20121010211615/http://www.nga.gov/cgi-bin/tsearch?artistid=23915
"Panvinio, Onofrio",https://web.archive.org/web/20121010211615/http://www.nga.gov/cgi-bin/tsearch?artistid=11566
"Paoli, Paolo Antonio",https://web.archive.org/web/20121010211615/http://www.nga.gov/cgi-bin/tsearch?artistid=7125
"Paolini, Giulio",https://web.archive.org/web/20121010211615/http://www.nga.gov/cgi-bin/tsearch?artistid=31192
"Paolo, Giovanni di",https://web.archive.org/web/20121010211615/http://www.nga.gov/cgi-bin/tsearch?artistid=1343
Paolo da Ragusa,https://web.archive.org/web/20121010211615/http://www.nga.gov/cgi-bin/tsearch?artistid=2220
"Paolo di Grazia, Giovanni di",https://web.archive.org/web/20121010211615/http://www.nga.gov/cgi-bin/tsearch?artistid=1343
Paolo Veneziano,https://web.archive.org/web/20121010211615/http://www.nga.gov/cgi-bin/tsearch?artistid=1767
"Paolozzi, Eduardo",https://web.archive.org/web/20121010211615/http://www.nga.gov/cgi-bin/tsearch?artistid=5152
"Paolozzi, Eduardo Luigi",https://web.archive.org/web/20121010211615/http://www.nga.gov/cgi-bin/tsearch?artistid=5152
"Paone, Peter",https://web.archive.org/web/20121010211615/http://www.nga.gov/cgi-bin/tsearch?artistid=5153
"Pap, Gyula",https://web.archive.org/web/20121010211615/http://www.nga.gov/cgi-bin/tsearch?artistid=28089
"Papa, Joseph",https://web.archive.org/web/20121010211615/http://www.nga.gov/cgi-bin/tsearch?artistid=7922
"Pape, Josse de",https://web.archive.org/web/20121010211615/http://www.nga.gov/cgi-bin/tsearch?artistid=5154
"Papillon I, Jean-Baptiste Michel",https://web.archive.org/web/20121010211615/http://www.nga.gov/cgi-bin/tsearch?artistid=5155
"Papillon I, Jean Michel",https://web.archive.org/web/20121010211615/http://www.nga.gov/cgi-bin/tsearch?artistid=5155
"Papini, Giuseppe",https://web.archive.org/web/20121010211615/http://www.nga.gov/cgi-bin/tsearch?artistid=3491
"Pappas, George",https://web.archive.org/web/20121010211615/http://www.nga.gov/cgi-bin/tsearch?artistid=6764
"Pappe, Carl",https://web.archive.org/web/20121010211615/http://www.nga.gov/cgi-bin/tsearch?artistid=33862
"Paquette, Gregory",https://web.archive.org/web/20121010211615/http://www.nga.gov/cgi-bin/tsearch?artistid=20414
"Paradise, John Wesley",https://web.archive.org/web/20121010211615/http://www.nga.gov/cgi-bin/tsearch?artistid=1768
"Paradise, Philip Herschel",https://web.archive.org/web/20121010211615/http://www.nga.gov/cgi-bin/tsearch?artistid=33863
Parasol Press Ltd.,https://web.archive.org/web/20121010211615/http://www.nga.gov/cgi-bin/tsearch?artistid=24390
"Pardington, Fiona",https://web.archive.org/web/20121010211615/http://www.nga.gov/cgi-bin/tsearch?artistid=35894
"Parent, Mimi",https://web.archive.org/web/20121010211615/http://www.nga.gov/cgi-bin/tsearch?artistid=5158
"Paret y Alcázar, Luis",https://web.archive.org/web/20121010211524/http://www.nga.gov/cgi-bin/tsearch?artistid=14992
"Parigi, Pietro",https://web.archive.org/web/20121010211524/http://www.nga.gov/cgi-bin/tsearch?artistid=5159
"Parigi II, Alfonso",https://web.archive.org/web/20121010211524/http://www.nga.gov/cgi-bin/tsearch?artistid=5959
"Paris, Harold Persico",https://web.archive.org/web/20121010211524/http://www.nga.gov/cgi-bin/tsearch?artistid=5160
"Pâris, Pierre-Adrien",https://web.archive.org/web/20121010211524/http://www.nga.gov/cgi-bin/tsearch?artistid=28204
"Parish, Betty Waldo",https://web.archive.org/web/20121010211524/http://www.nga.gov/cgi-bin/tsearch?artistid=33864
"Parish, Margery",https://web.archive.org/web/20121010211524/http://www.nga.gov/cgi-bin/tsearch?artistid=7923
Parisian 14th Century,https://web.archive.org/web/20121010211524/http://www.nga.gov/cgi-bin/tsearch?artistid=23805
Parisian 15th Century,https://web.archive.org/web/20121010211524/http://www.nga.gov/cgi-bin/tsearch?artistid=6693
Parisian 19th Century,https://web.archive.org/web/20121010211524/http://www.nga.gov/cgi-bin/tsearch?artistid=23796
"Parizeau, Philippe Louis",https://web.archive.org/web/20121010211524/http://www.nga.gov/cgi-bin/tsearch?artistid=2672
"Park, Linton",https://web.archive.org/web/20121010211524/http://www.nga.gov/cgi-bin/tsearch?artistid=1770
"Park, Minyoung",https://web.archive.org/web/20121010211524/http://www.nga.gov/cgi-bin/tsearch?artistid=25998
"Park, Paul",https://web.archive.org/web/20121010211524/http://www.nga.gov/cgi-bin/tsearch?artistid=7924
"Parker, Agnes Miller",https://web.archive.org/web/20121010211524/http://www.nga.gov/cgi-bin/tsearch?artistid=5161
"Parker, Ann",https://web.archive.org/web/20121010211524/http://www.nga.gov/cgi-bin/tsearch?artistid=5162
"Parker, Cora",https://web.archive.org/web/20121010211524/http://www.nga.gov/cgi-bin/tsearch?artistid=7925
"Parker, Cushman",https://web.archive.org/web/20121010211524/http://www.nga.gov/cgi-bin/tsearch?artistid=7926
"Parker, Douglas",https://web.archive.org/web/20121010211524/http://www.nga.gov/cgi-bin/tsearch?artistid=25970
"Parker, Gladys C.",https://web.archive.org/web/20121010211524/http://www.nga.gov/cgi-bin/tsearch?artistid=7927
"Parker, Raymond",https://web.archive.org/web/20121010211524/http://www.nga.gov/cgi-bin/tsearch?artistid=5164
"Parker, Robert Andrew",https://web.archive.org/web/20121010211524/http://www.nga.gov/cgi-bin/tsearch?artistid=5165
"Parkes Bonington, Richard",https://web.archive.org/web/20121010211524/http://www.nga.gov/cgi-bin/tsearch?artistid=978
"Parkinson, William",https://web.archive.org/web/20121010211524/http://www.nga.gov/cgi-bin/tsearch?artistid=7928
"Parmeggiani, Romano",https://web.archive.org/web/20121010211524/http://www.nga.gov/cgi-bin/tsearch?artistid=6830
Parmigianino,https://web.archive.org/web/20121010211524/http://www.nga.gov/cgi-bin/tsearch?artistid=2673
Paroy Comte de,https://web.archive.org/web/20121010211524/http://www.nga.gov/cgi-bin/tsearch?artistid=34797
"Parr, Margaret",https://web.archive.org/web/20121010211524/http://www.nga.gov/cgi-bin/tsearch?artistid=25783
"Parrish, J. D.",https://web.archive.org/web/20121010211524/http://www.nga.gov/cgi-bin/tsearch?artistid=34179
